2025-09-07 10:35:57,Quidopedia,usuario
2025-09-07 10:48:23,JpSolar,usuario
2025-09-07 10:48:55,Quidopedia,usuario
2025-09-07 10:49:20,Tpack,usuario
2025-09-07 10:50:22,Henko01,usuario
2025-09-07 10:55:40,Tpack,usuario
2025-09-07 11:06:38,Tpack,usuario
2025-09-07 13:22:16,Tpack,usuario
2025-09-07 13:24:35,Tpack,usuario
2025-09-07 13:33:29,Tpack,usuario
2025-09-07 13:39:57,Tpack,usuario
2025-09-07 13:48:06,Tpack,usuario
2025-09-07 13:52:00,Tpack,usuario
2025-09-07 14:05:53,Tpack,usuario
2025-09-07 14:59:03,Tpack,usuario
2025-09-07 15:39:54,Tpack,usuario
2025-09-07 15:41:39,Tpack,usuario
2025-09-07 16:43:23,Tpack,usuario
2025-09-07 17:03:32,Tpack,usuario
2025-09-07 17:15:43,Tpack,usuario
2025-09-07 17:29:04,Tpack,usuario
2025-09-07 17:31:34,Tpack,usuario
2025-09-07 17:34:53,Tpack,usuario
2025-09-07 17:36:13,Tpack,usuario
2025-09-07 17:54:16,Tpack,usuario
2025-09-07 17:56:58,Tpack,usuario
2025-09-07 18:13:03,Tpack,usuario
2025-09-07 18:31:23,Henko01,usuario
2025-09-07 18:33:53,Quidopedia,usuario
2025-09-07 18:49:24,Tpack,usuario
2025-09-07 18:52:16,Tpack,usuario
2025-09-07 18:56:26,Tpack,usuario
2025-09-07 19:01:00,Tpack,usuario
2025-09-07 19:14:02,Tpack,usuario
2025-09-07 19:26:45,Tpack,usuario
2025-09-07 20:20:14,Tpack,usuario
2025-09-07 20:28:55,Tpack,usuario
2025-09-07 20:30:46,Tpack,usuario
2025-09-07 20:31:44,Quidopedia,usuario
2025-09-07 20:46:29,Tpack,usuario
